problem_statement,required_skills
Increase in customer churn rate,"Data analysis, Customer relationship management"
Low employee engagement levels,"Leadership, Employee motivation techniques"
Inefficient supply chain management,"Supply chain management, Logistics planning"
Declining market share,"Market analysis, Strategic planning"
High operational costs,"Cost reduction techniques, Process optimization"
Difficulty in managing remote teams,"Project management, Communication tools"
Cybersecurity threats,"Cybersecurity, Risk management"
Compliance with new regulations,"Regulatory compliance, Legal expertise"
Poor customer service,"Customer service, Communication skills"
Ineffective marketing strategies,"Marketing, Creativity"
Challenges in data analysis,"Data science, Statistical analysis"
Product innovation stagnation,"Product development, Creativity"
Managing cross-functional teams,"Leadership, Team management"
Scaling business operations,"Business strategy, Operational efficiency"
Sustainability and environmental impact,"Environmental science, Sustainability strategies"
Managing IT infrastructure,"IT management, Cloud computing"
Lack of customer insights,"Market research, Customer behavior analysis"
Employee skill gaps,"Training and development, Technical skills"
Market entry strategies,"Market analysis, Strategic planning"
Competitive analysis,"Competitive intelligence, Strategic analysis"
Increase in customer churn rate,"Data analysis, Customer relationship management"
Low employee engagement levels,"Leadership, Employee motivation techniques"
Inefficient supply chain management,"Supply chain management, Logistics planning"
Declining market share,"Market analysis, Strategic planning"
High operational costs,"Cost reduction techniques, Process optimization"
Difficulty in managing remote teams,"Project management, Communication tools"
Cybersecurity threats,"Cybersecurity, Risk management"
Compliance with new regulations,"Regulatory compliance, Legal expertise"
Poor customer service,"Customer service, Communication skills"
Ineffective marketing strategies,"Marketing, Creativity"
Challenges in data analysis,"Data science, Statistical analysis"
Product innovation stagnation,"Product development, Creativity"
Managing cross-functional teams,"Leadership, Team management"
Scaling business operations,"Business strategy, Operational efficiency"
Sustainability and environmental impact,"Environmental science, Sustainability strategies"
Managing IT infrastructure,"IT management, Cloud computing"
Lack of customer insights,"Market research, Customer behavior analysis"
Employee skill gaps,"Training and development, Technical skills"
Market entry strategies,"Market analysis, Strategic planning"
Competitive analysis,"Competitive intelligence, Strategic analysis"
Increase in customer churn rate,"Data analysis, Customer relationship management"
Low employee engagement levels,"Leadership, Employee motivation techniques"
Inefficient supply chain management,"Supply chain management, Logistics planning"
Declining market share,"Market analysis, Strategic planning"
High operational costs,"Cost reduction techniques, Process optimization"
Difficulty in managing remote teams,"Project management, Communication tools"
Cybersecurity threats,"Cybersecurity, Risk management"
Compliance with new regulations,"Regulatory compliance, Legal expertise"
Poor customer service,"Customer service, Communication skills"
Ineffective marketing strategies,"Marketing, Creativity"
Challenges in data analysis,"Data science, Statistical analysis"
Product innovation stagnation,"Product development, Creativity"
Managing cross-functional teams,"Leadership, Team management"
Scaling business operations,"Business strategy, Operational efficiency"
Sustainability and environmental impact,"Environmental science, Sustainability strategies"
Managing IT infrastructure,"IT management, Cloud computing"
Lack of customer insights,"Market research, Customer behavior analysis"
Employee skill gaps,"Training and development, Technical skills"
Market entry strategies,"Market analysis, Strategic planning"
Competitive analysis,"Competitive intelligence, Strategic analysis"
Increase in customer churn rate,"Data analysis, Customer relationship management"
Low employee engagement levels,"Leadership, Employee motivation techniques"
Inefficient supply chain management,"Supply chain management, Logistics planning"
Declining market share,"Market analysis, Strategic planning"
High operational costs,"Cost reduction techniques, Process optimization"
Difficulty in managing remote teams,"Project management, Communication tools"
Cybersecurity threats,"Cybersecurity, Risk management"
Compliance with new regulations,"Regulatory compliance, Legal expertise"
Poor customer service,"Customer service, Communication skills"
Ineffective marketing strategies,"Marketing, Creativity"
Challenges in data analysis,"Data science, Statistical analysis"
Product innovation stagnation,"Product development, Creativity"
Managing cross-functional teams,"Leadership, Team management"
Scaling business operations,"Business strategy, Operational efficiency"
Sustainability and environmental impact,"Environmental science, Sustainability strategies"
Managing IT infrastructure,"IT management, Cloud computing"
Lack of customer insights,"Market research, Customer behavior analysis"
Employee skill gaps,"Training and development, Technical skills"
Market entry strategies,"Market analysis, Strategic planning"
Competitive analysis,"Competitive intelligence, Strategic analysis"
Increase in customer churn rate,"Data analysis, Customer relationship management"
Low employee engagement levels,"Leadership, Employee motivation techniques"
Inefficient supply chain management,"Supply chain management, Logistics planning"
Declining market share,"Market analysis, Strategic planning"
High operational costs,"Cost reduction techniques, Process optimization"
Difficulty in managing remote teams,"Project management, Communication tools"
Cybersecurity threats,"Cybersecurity, Risk management"
Compliance with new regulations,"Regulatory compliance, Legal expertise"
Poor customer service,"Customer service, Communication skills"
Ineffective marketing strategies,"Marketing, Creativity"
Challenges in data analysis,"Data science, Statistical analysis"
Product innovation stagnation,"Product development, Creativity"
Managing cross-functional teams,"Leadership, Team management"
Scaling business operations,"Business strategy, Operational efficiency"
Sustainability and environmental impact,"Environmental science, Sustainability strategies"
Managing IT infrastructure,"IT management, Cloud computing"
Lack of customer insights,"Market research, Customer behavior analysis"
Employee skill gaps,"Training and development, Technical skills"
Market entry strategies,"Market analysis, Strategic planning"
Competitive analysis,"Competitive intelligence, Strategic analysis"
Increase in customer churn rate,"Data analysis, Customer relationship management"
Low employee engagement levels,"Leadership, Employee motivation techniques"
Inefficient supply chain management,"Supply chain management, Logistics planning"
Declining market share,"Market analysis, Strategic planning"
High operational costs,"Cost reduction techniques, Process optimization"
Difficulty in managing remote teams,"Project management, Communication tools"
Cybersecurity threats,"Cybersecurity, Risk management"
Compliance with new regulations,"Regulatory compliance, Legal expertise"
Poor customer service,"Customer service, Communication skills"
Ineffective marketing strategies,"Marketing, Creativity"
Challenges in data analysis,"Data science, Statistical analysis"
Product innovation stagnation,"Product development, Creativity"
Managing cross-functional teams,"Leadership, Team management"
Scaling business operations,"Business strategy, Operational efficiency"
Sustainability and environmental impact,"Environmental science, Sustainability strategies"
Managing IT infrastructure,"IT management, Cloud computing"
Lack of customer insights,"Market research, Customer behavior analysis"
Employee skill gaps,"Training and development, Technical skills"
Market entry strategies,"Market analysis, Strategic planning"
Competitive analysis,"Competitive intelligence, Strategic analysis"
Increase in customer churn rate,"Data analysis, Customer relationship management"
Low employee engagement levels,"Leadership, Employee motivation techniques"
Inefficient supply chain management,"Supply chain management, Logistics planning"
Declining market share,"Market analysis, Strategic planning"
High operational costs,"Cost reduction techniques, Process optimization"
Difficulty in managing remote teams,"Project management, Communication tools"
Cybersecurity threats,"Cybersecurity, Risk management"
Compliance with new regulations,"Regulatory compliance, Legal expertise"
Poor customer service,"Customer service, Communication skills"
Ineffective marketing strategies,"Marketing, Creativity"
Challenges in data analysis,"Data science, Statistical analysis"
Product innovation stagnation,"Product development, Creativity"
Managing cross-functional teams,"Leadership, Team management"
Scaling business operations,"Business strategy, Operational efficiency"
Sustainability and environmental impact,"Environmental science, Sustainability strategies"
Managing IT infrastructure,"IT management, Cloud computing"
Lack of customer insights,"Market research, Customer behavior analysis"
Employee skill gaps,"Training and development, Technical skills"
Market entry strategies,"Market analysis, Strategic planning"
Competitive analysis,"Competitive intelligence, Strategic analysis"
Increase in customer churn rate,"Data analysis, Customer relationship management"
Low employee engagement levels,"Leadership, Employee motivation techniques"
Inefficient supply chain management,"Supply chain management, Logistics planning"
Declining market share,"Market analysis, Strategic planning"
High operational costs,"Cost reduction techniques, Process optimization"
Difficulty in managing remote teams,"Project management, Communication tools"
Cybersecurity threats,"Cybersecurity, Risk management"
Compliance with new regulations,"Regulatory compliance, Legal expertise"
Poor customer service,"Customer service, Communication skills"
Ineffective marketing strategies,"Marketing, Creativity"
Challenges in data analysis,"Data science, Statistical analysis"
Product innovation stagnation,"Product development, Creativity"
Managing cross-functional teams,"Leadership, Team management"
Scaling business operations,"Business strategy, Operational efficiency"
Sustainability and environmental impact,"Environmental science, Sustainability strategies"
Managing IT infrastructure,"IT management, Cloud computing"
Lack of customer insights,"Market research, Customer behavior analysis"
Employee skill gaps,"Training and development, Technical skills"
Market entry strategies,"Market analysis, Strategic planning"
Competitive analysis,"Competitive intelligence, Strategic analysis"
Increase in customer churn rate,"Data analysis, Customer relationship management"
Low employee engagement levels,"Leadership, Employee motivation techniques"
Inefficient supply chain management,"Supply chain management, Logistics planning"
Declining market share,"Market analysis, Strategic planning"
High operational costs,"Cost reduction techniques, Process optimization"
Difficulty in managing remote teams,"Project management, Communication tools"
Cybersecurity threats,"Cybersecurity, Risk management"
Compliance with new regulations,"Regulatory compliance, Legal expertise"
Poor customer service,"Customer service, Communication skills"
Ineffective marketing strategies,"Marketing, Creativity"
Challenges in data analysis,"Data science, Statistical analysis"
Product innovation stagnation,"Product development, Creativity"
Managing cross-functional teams,"Leadership, Team management"
Scaling business operations,"Business strategy, Operational efficiency"
Sustainability and environmental impact,"Environmental science, Sustainability strategies"
Managing IT infrastructure,"IT management, Cloud computing"
Lack of customer insights,"Market research, Customer behavior analysis"
Employee skill gaps,"Training and development, Technical skills"
Market entry strategies,"Market analysis, Strategic planning"
Competitive analysis,"Competitive intelligence, Strategic analysis"
Increase in customer churn rate,"Data analysis, Customer relationship management"
Low employee engagement levels,"Leadership, Employee motivation techniques"
Inefficient supply chain management,"Supply chain management, Logistics planning"
Declining market share,"Market analysis, Strategic planning"
High operational costs,"Cost reduction techniques, Process optimization"
Difficulty in managing remote teams,"Project management, Communication tools"
Cybersecurity threats,"Cybersecurity, Risk management"
Compliance with new regulations,"Regulatory compliance, Legal expertise"
Poor customer service,"Customer service, Communication skills"
Ineffective marketing strategies,"Marketing, Creativity"
Challenges in data analysis,"Data science, Statistical analysis"
Product innovation stagnation,"Product development, Creativity"
Managing cross-functional teams,"Leadership, Team management"
Scaling business operations,"Business strategy, Operational efficiency"
Sustainability and environmental impact,"Environmental science, Sustainability strategies"
Managing IT infrastructure,"IT management, Cloud computing"
Lack of customer insights,"Market research, Customer behavior analysis"
Employee skill gaps,"Training and development, Technical skills"
Market entry strategies,"Market analysis, Strategic planning"
Competitive analysis,"Competitive intelligence, Strategic analysis"
Increase in customer churn rate,"Data analysis, Customer relationship management"
Low employee engagement levels,"Leadership, Employee motivation techniques"
Inefficient supply chain management,"Supply chain management, Logistics planning"
Declining market share,"Market analysis, Strategic planning"
High operational costs,"Cost reduction techniques, Process optimization"
Difficulty in managing remote teams,"Project management, Communication tools"
Cybersecurity threats,"Cybersecurity, Risk management"
Compliance with new regulations,"Regulatory compliance, Legal expertise"
Poor customer service,"Customer service, Communication skills"
Ineffective marketing strategies,"Marketing, Creativity"
Challenges in data analysis,"Data science, Statistical analysis"
Product innovation stagnation,"Product development, Creativity"
Managing cross-functional teams,"Leadership, Team management"
Scaling business operations,"Business strategy, Operational efficiency"
Sustainability and environmental impact,"Environmental science, Sustainability strategies"
Managing IT infrastructure,"IT management, Cloud computing"
Lack of customer insights,"Market research, Customer behavior analysis"
Employee skill gaps,"Training and development, Technical skills"
Market entry strategies,"Market analysis, Strategic planning"
Competitive analysis,"Competitive intelligence, Strategic analysis"
Increase in customer churn rate,"Data analysis, Customer relationship management"
Low employee engagement levels,"Leadership, Employee motivation techniques"
Inefficient supply chain management,"Supply chain management, Logistics planning"
Declining market share,"Market analysis, Strategic planning"
High operational costs,"Cost reduction techniques, Process optimization"
Difficulty in managing remote teams,"Project management, Communication tools"
Cybersecurity threats,"Cybersecurity, Risk management"
Compliance with new regulations,"Regulatory compliance, Legal expertise"
Poor customer service,"Customer service, Communication skills"
Ineffective marketing strategies,"Marketing, Creativity"
Challenges in data analysis,"Data science, Statistical analysis"
Product innovation stagnation,"Product development, Creativity"
Managing cross-functional teams,"Leadership, Team management"
Scaling business operations,"Business strategy, Operational efficiency"
Sustainability and environmental impact,"Environmental science, Sustainability strategies"
Managing IT infrastructure,"IT management, Cloud computing"
Lack of customer insights,"Market research, Customer behavior analysis"
Employee skill gaps,"Training and development, Technical skills"
Market entry strategies,"Market analysis, Strategic planning"
Competitive analysis,"Competitive intelligence, Strategic analysis"
Increase in customer churn rate,"Data analysis, Customer relationship management"
Low employee engagement levels,"Leadership, Employee motivation techniques"
Inefficient supply chain management,"Supply chain management, Logistics planning"
Declining market share,"Market analysis, Strategic planning"
High operational costs,"Cost reduction techniques, Process optimization"
Difficulty in managing remote teams,"Project management, Communication tools"
Cybersecurity threats,"Cybersecurity, Risk management"
Compliance with new regulations,"Regulatory compliance, Legal expertise"
Poor customer service,"Customer service, Communication skills"
Ineffective marketing strategies,"Marketing, Creativity"
Challenges in data analysis,"Data science, Statistical analysis"
Product innovation stagnation,"Product development, Creativity"
Managing cross-functional teams,"Leadership, Team management"
Scaling business operations,"Business strategy, Operational efficiency"
Sustainability and environmental impact,"Environmental science, Sustainability strategies"
Managing IT infrastructure,"IT management, Cloud computing"
Lack of customer insights,"Market research, Customer behavior analysis"
Employee skill gaps,"Training and development, Technical skills"
Market entry strategies,"Market analysis, Strategic planning"
Competitive analysis,"Competitive intelligence, Strategic analysis"
Increase in customer churn rate,"Data analysis, Customer relationship management"
Low employee engagement levels,"Leadership, Employee motivation techniques"
Inefficient supply chain management,"Supply chain management, Logistics planning"
Declining market share,"Market analysis, Strategic planning"
High operational costs,"Cost reduction techniques, Process optimization"
Difficulty in managing remote teams,"Project management, Communication tools"
Cybersecurity threats,"Cybersecurity, Risk management"
Compliance with new regulations,"Regulatory compliance, Legal expertise"
Poor customer service,"Customer service, Communication skills"
Ineffective marketing strategies,"Marketing, Creativity"
Challenges in data analysis,"Data science, Statistical analysis"
Product innovation stagnation,"Product development, Creativity"
Managing cross-functional teams,"Leadership, Team management"
Scaling business operations,"Business strategy, Operational efficiency"
Sustainability and environmental impact,"Environmental science, Sustainability strategies"
Managing IT infrastructure,"IT management, Cloud computing"
Lack of customer insights,"Market research, Customer behavior analysis"
Employee skill gaps,"Training and development, Technical skills"
Market entry strategies,"Market analysis, Strategic planning"
Competitive analysis,"Competitive intelligence, Strategic analysis"
Increase in customer churn rate,"Data analysis, Customer relationship management"
Low employee engagement levels,"Leadership, Employee motivation techniques"
Inefficient supply chain management,"Supply chain management, Logistics planning"
Declining market share,"Market analysis, Strategic planning"
High operational costs,"Cost reduction techniques, Process optimization"
Difficulty in managing remote teams,"Project management, Communication tools"
Cybersecurity threats,"Cybersecurity, Risk management"
Compliance with new regulations,"Regulatory compliance, Legal expertise"
Poor customer service,"Customer service, Communication skills"
Ineffective marketing strategies,"Marketing, Creativity"
Challenges in data analysis,"Data science, Statistical analysis"
Product innovation stagnation,"Product development, Creativity"
Managing cross-functional teams,"Leadership, Team management"
Scaling business operations,"Business strategy, Operational efficiency"
Sustainability and environmental impact,"Environmental science, Sustainability strategies"
Managing IT infrastructure,"IT management, Cloud computing"
Lack of customer insights,"Market research, Customer behavior analysis"
Employee skill gaps,"Training and development, Technical skills"
Market entry strategies,"Market analysis, Strategic planning"
Competitive analysis,"Competitive intelligence, Strategic analysis"
Increase in customer churn rate,"Data analysis, Customer relationship management"
Low employee engagement levels,"Leadership, Employee motivation techniques"
Inefficient supply chain management,"Supply chain management, Logistics planning"
Declining market share,"Market analysis, Strategic planning"
High operational costs,"Cost reduction techniques, Process optimization"
Difficulty in managing remote teams,"Project management, Communication tools"
Cybersecurity threats,"Cybersecurity, Risk management"
Compliance with new regulations,"Regulatory compliance, Legal expertise"
Poor customer service,"Customer service, Communication skills"
Ineffective marketing strategies,"Marketing, Creativity"
Challenges in data analysis,"Data science, Statistical analysis"
Product innovation stagnation,"Product development, Creativity"
Managing cross-functional teams,"Leadership, Team management"
Scaling business operations,"Business strategy, Operational efficiency"
Sustainability and environmental impact,"Environmental science, Sustainability strategies"
Managing IT infrastructure,"IT management, Cloud computing"
Lack of customer insights,"Market research, Customer behavior analysis"
Employee skill gaps,"Training and development, Technical skills"
Market entry strategies,"Market analysis, Strategic planning"
Competitive analysis,"Competitive intelligence, Strategic analysis"
Increase in customer churn rate,"Data analysis, Customer relationship management"
Low employee engagement levels,"Leadership, Employee motivation techniques"
Inefficient supply chain management,"Supply chain management, Logistics planning"
Declining market share,"Market analysis, Strategic planning"
High operational costs,"Cost reduction techniques, Process optimization"
Difficulty in managing remote teams,"Project management, Communication tools"
Cybersecurity threats,"Cybersecurity, Risk management"
Compliance with new regulations,"Regulatory compliance, Legal expertise"
Poor customer service,"Customer service, Communication skills"
Ineffective marketing strategies,"Marketing, Creativity"
Challenges in data analysis,"Data science, Statistical analysis"
Product innovation stagnation,"Product development, Creativity"
Managing cross-functional teams,"Leadership, Team management"
Scaling business operations,"Business strategy, Operational efficiency"
Sustainability and environmental impact,"Environmental science, Sustainability strategies"
Managing IT infrastructure,"IT management, Cloud computing"
Lack of customer insights,"Market research, Customer behavior analysis"
Employee skill gaps,"Training and development, Technical skills"
Market entry strategies,"Market analysis, Strategic planning"
Competitive analysis,"Competitive intelligence, Strategic analysis"
Increase in customer churn rate,"Data analysis, Customer relationship management"
Low employee engagement levels,"Leadership, Employee motivation techniques"
Inefficient supply chain management,"Supply chain management, Logistics planning"
Declining market share,"Market analysis, Strategic planning"
High operational costs,"Cost reduction techniques, Process optimization"
Difficulty in managing remote teams,"Project management, Communication tools"
Cybersecurity threats,"Cybersecurity, Risk management"
Compliance with new regulations,"Regulatory compliance, Legal expertise"
Poor customer service,"Customer service, Communication skills"
Ineffective marketing strategies,"Marketing, Creativity"
Challenges in data analysis,"Data science, Statistical analysis"
Product innovation stagnation,"Product development, Creativity"
Managing cross-functional teams,"Leadership, Team management"
Scaling business operations,"Business strategy, Operational efficiency"
Sustainability and environmental impact,"Environmental science, Sustainability strategies"
Managing IT infrastructure,"IT management, Cloud computing"
Lack of customer insights,"Market research, Customer behavior analysis"
Employee skill gaps,"Training and development, Technical skills"
Market entry strategies,"Market analysis, Strategic planning"
Competitive analysis,"Competitive intelligence, Strategic analysis"
Increase in customer churn rate,"Data analysis, Customer relationship management"
Low employee engagement levels,"Leadership, Employee motivation techniques"
Inefficient supply chain management,"Supply chain management, Logistics planning"
Declining market share,"Market analysis, Strategic planning"
High operational costs,"Cost reduction techniques, Process optimization"
Difficulty in managing remote teams,"Project management, Communication tools"
Cybersecurity threats,"Cybersecurity, Risk management"
Compliance with new regulations,"Regulatory compliance, Legal expertise"
Poor customer service,"Customer service, Communication skills"
Ineffective marketing strategies,"Marketing, Creativity"
Challenges in data analysis,"Data science, Statistical analysis"
Product innovation stagnation,"Product development, Creativity"
Managing cross-functional teams,"Leadership, Team management"
Scaling business operations,"Business strategy, Operational efficiency"
Sustainability and environmental impact,"Environmental science, Sustainability strategies"
Managing IT infrastructure,"IT management, Cloud computing"
Lack of customer insights,"Market research, Customer behavior analysis"
Employee skill gaps,"Training and development, Technical skills"
Market entry strategies,"Market analysis, Strategic planning"
Competitive analysis,"Competitive intelligence, Strategic analysis"
Increase in customer churn rate,"Data analysis, Customer relationship management"
Low employee engagement levels,"Leadership, Employee motivation techniques"
Inefficient supply chain management,"Supply chain management, Logistics planning"
Declining market share,"Market analysis, Strategic planning"
High operational costs,"Cost reduction techniques, Process optimization"
Difficulty in managing remote teams,"Project management, Communication tools"
Cybersecurity threats,"Cybersecurity, Risk management"
Compliance with new regulations,"Regulatory compliance, Legal expertise"
Poor customer service,"Customer service, Communication skills"
Ineffective marketing strategies,"Marketing, Creativity"
Challenges in data analysis,"Data science, Statistical analysis"
Product innovation stagnation,"Product development, Creativity"
Managing cross-functional teams,"Leadership, Team management"
Scaling business operations,"Business strategy, Operational efficiency"
Sustainability and environmental impact,"Environmental science, Sustainability strategies"
Managing IT infrastructure,"IT management, Cloud computing"
Lack of customer insights,"Market research, Customer behavior analysis"
Employee skill gaps,"Training and development, Technical skills"
Market entry strategies,"Market analysis, Strategic planning"
Competitive analysis,"Competitive intelligence, Strategic analysis"
Increase in customer churn rate,"Data analysis, Customer relationship management"
Low employee engagement levels,"Leadership, Employee motivation techniques"
Inefficient supply chain management,"Supply chain management, Logistics planning"
Declining market share,"Market analysis, Strategic planning"
High operational costs,"Cost reduction techniques, Process optimization"
Difficulty in managing remote teams,"Project management, Communication tools"
Cybersecurity threats,"Cybersecurity, Risk management"
Compliance with new regulations,"Regulatory compliance, Legal expertise"
Poor customer service,"Customer service, Communication skills"
Ineffective marketing strategies,"Marketing, Creativity"
Challenges in data analysis,"Data science, Statistical analysis"
Product innovation stagnation,"Product development, Creativity"
Managing cross-functional teams,"Leadership, Team management"
Scaling business operations,"Business strategy, Operational efficiency"
Sustainability and environmental impact,"Environmental science, Sustainability strategies"
Managing IT infrastructure,"IT management, Cloud computing"
Lack of customer insights,"Market research, Customer behavior analysis"
Employee skill gaps,"Training and development, Technical skills"
Market entry strategies,"Market analysis, Strategic planning"
Competitive analysis,"Competitive intelligence, Strategic analysis"
Increase in customer churn rate,"Data analysis, Customer relationship management"
Low employee engagement levels,"Leadership, Employee motivation techniques"
Inefficient supply chain management,"Supply chain management, Logistics planning"
Declining market share,"Market analysis, Strategic planning"
High operational costs,"Cost reduction techniques, Process optimization"
Difficulty in managing remote teams,"Project management, Communication tools"
Cybersecurity threats,"Cybersecurity, Risk management"
Compliance with new regulations,"Regulatory compliance, Legal expertise"
Poor customer service,"Customer service, Communication skills"
Ineffective marketing strategies,"Marketing, Creativity"
Challenges in data analysis,"Data science, Statistical analysis"
Product innovation stagnation,"Product development, Creativity"
Managing cross-functional teams,"Leadership, Team management"
Scaling business operations,"Business strategy, Operational efficiency"
Sustainability and environmental impact,"Environmental science, Sustainability strategies"
Managing IT infrastructure,"IT management, Cloud computing"
Lack of customer insights,"Market research, Customer behavior analysis"
Employee skill gaps,"Training and development, Technical skills"
Market entry strategies,"Market analysis, Strategic planning"
Competitive analysis,"Competitive intelligence, Strategic analysis"
Increase in customer churn rate,"Data analysis, Customer relationship management"
Low employee engagement levels,"Leadership, Employee motivation techniques"
Inefficient supply chain management,"Supply chain management, Logistics planning"
Declining market share,"Market analysis, Strategic planning"
High operational costs,"Cost reduction techniques, Process optimization"
Difficulty in managing remote teams,"Project management, Communication tools"
Cybersecurity threats,"Cybersecurity, Risk management"
Compliance with new regulations,"Regulatory compliance, Legal expertise"
Poor customer service,"Customer service, Communication skills"
Ineffective marketing strategies,"Marketing, Creativity"
Challenges in data analysis,"Data science, Statistical analysis"
Product innovation stagnation,"Product development, Creativity"
Managing cross-functional teams,"Leadership, Team management"
Scaling business operations,"Business strategy, Operational efficiency"
Sustainability and environmental impact,"Environmental science, Sustainability strategies"
Managing IT infrastructure,"IT management, Cloud computing"
Lack of customer insights,"Market research, Customer behavior analysis"
Employee skill gaps,"Training and development, Technical skills"
Market entry strategies,"Market analysis, Strategic planning"
Competitive analysis,"Competitive intelligence, Strategic analysis"
Increase in customer churn rate,"Data analysis, Customer relationship management"
Low employee engagement levels,"Leadership, Employee motivation techniques"
Inefficient supply chain management,"Supply chain management, Logistics planning"
Declining market share,"Market analysis, Strategic planning"
High operational costs,"Cost reduction techniques, Process optimization"
Difficulty in managing remote teams,"Project management, Communication tools"
Cybersecurity threats,"Cybersecurity, Risk management"
Compliance with new regulations,"Regulatory compliance, Legal expertise"
Poor customer service,"Customer service, Communication skills"
Ineffective marketing strategies,"Marketing, Creativity"
Challenges in data analysis,"Data science, Statistical analysis"
Product innovation stagnation,"Product development, Creativity"
Managing cross-functional teams,"Leadership, Team management"
Scaling business operations,"Business strategy, Operational efficiency"
Sustainability and environmental impact,"Environmental science, Sustainability strategies"
Managing IT infrastructure,"IT management, Cloud computing"
Lack of customer insights,"Market research, Customer behavior analysis"
Employee skill gaps,"Training and development, Technical skills"
Market entry strategies,"Market analysis, Strategic planning"
Competitive analysis,"Competitive intelligence, Strategic analysis"
Increase in customer churn rate,"Data analysis, Customer relationship management"
Low employee engagement levels,"Leadership, Employee motivation techniques"
Inefficient supply chain management,"Supply chain management, Logistics planning"
Declining market share,"Market analysis, Strategic planning"
High operational costs,"Cost reduction techniques, Process optimization"
Difficulty in managing remote teams,"Project management, Communication tools"
Cybersecurity threats,"Cybersecurity, Risk management"
Compliance with new regulations,"Regulatory compliance, Legal expertise"
Poor customer service,"Customer service, Communication skills"
Ineffective marketing strategies,"Marketing, Creativity"
Challenges in data analysis,"Data science, Statistical analysis"
Product innovation stagnation,"Product development, Creativity"
Managing cross-functional teams,"Leadership, Team management"
Scaling business operations,"Business strategy, Operational efficiency"
Sustainability and environmental impact,"Environmental science, Sustainability strategies"
Managing IT infrastructure,"IT management, Cloud computing"
Lack of customer insights,"Market research, Customer behavior analysis"
Employee skill gaps,"Training and development, Technical skills"
Market entry strategies,"Market analysis, Strategic planning"
Competitive analysis,"Competitive intelligence, Strategic analysis"
Increase in customer churn rate,"Data analysis, Customer relationship management"
Low employee engagement levels,"Leadership, Employee motivation techniques"
Inefficient supply chain management,"Supply chain management, Logistics planning"
Declining market share,"Market analysis, Strategic planning"
High operational costs,"Cost reduction techniques, Process optimization"
Difficulty in managing remote teams,"Project management, Communication tools"
Cybersecurity threats,"Cybersecurity, Risk management"
Compliance with new regulations,"Regulatory compliance, Legal expertise"
Poor customer service,"Customer service, Communication skills"
Ineffective marketing strategies,"Marketing, Creativity"
Challenges in data analysis,"Data science, Statistical analysis"
Product innovation stagnation,"Product development, Creativity"
Managing cross-functional teams,"Leadership, Team management"
Scaling business operations,"Business strategy, Operational efficiency"
Sustainability and environmental impact,"Environmental science, Sustainability strategies"
Managing IT infrastructure,"IT management, Cloud computing"
Lack of customer insights,"Market research, Customer behavior analysis"
Employee skill gaps,"Training and development, Technical skills"
Market entry strategies,"Market analysis, Strategic planning"
Competitive analysis,"Competitive intelligence, Strategic analysis"
Increase in customer churn rate,"Data analysis, Customer relationship management"
Low employee engagement levels,"Leadership, Employee motivation techniques"
Inefficient supply chain management,"Supply chain management, Logistics planning"
Declining market share,"Market analysis, Strategic planning"
High operational costs,"Cost reduction techniques, Process optimization"
Difficulty in managing remote teams,"Project management, Communication tools"
Cybersecurity threats,"Cybersecurity, Risk management"
Compliance with new regulations,"Regulatory compliance, Legal expertise"
Poor customer service,"Customer service, Communication skills"
Ineffective marketing strategies,"Marketing, Creativity"
Challenges in data analysis,"Data science, Statistical analysis"
Product innovation stagnation,"Product development, Creativity"
Managing cross-functional teams,"Leadership, Team management"
Scaling business operations,"Business strategy, Operational efficiency"
Sustainability and environmental impact,"Environmental science, Sustainability strategies"
Managing IT infrastructure,"IT management, Cloud computing"
Lack of customer insights,"Market research, Customer behavior analysis"
Employee skill gaps,"Training and development, Technical skills"
Market entry strategies,"Market analysis, Strategic planning"
Competitive analysis,"Competitive intelligence, Strategic analysis"
Increase in customer churn rate,"Data analysis, Customer relationship management"
Low employee engagement levels,"Leadership, Employee motivation techniques"
Inefficient supply chain management,"Supply chain management, Logistics planning"
Declining market share,"Market analysis, Strategic planning"
High operational costs,"Cost reduction techniques, Process optimization"
Difficulty in managing remote teams,"Project management, Communication tools"
Cybersecurity threats,"Cybersecurity, Risk management"
Compliance with new regulations,"Regulatory compliance, Legal expertise"
Poor customer service,"Customer service, Communication skills"
Ineffective marketing strategies,"Marketing, Creativity"
Challenges in data analysis,"Data science, Statistical analysis"
Product innovation stagnation,"Product development, Creativity"
Managing cross-functional teams,"Leadership, Team management"
Scaling business operations,"Business strategy, Operational efficiency"
Sustainability and environmental impact,"Environmental science, Sustainability strategies"
Managing IT infrastructure,"IT management, Cloud computing"
Lack of customer insights,"Market research, Customer behavior analysis"
Employee skill gaps,"Training and development, Technical skills"
Market entry strategies,"Market analysis, Strategic planning"
Competitive analysis,"Competitive intelligence, Strategic analysis"
Increase in customer churn rate,"Data analysis, Customer relationship management"
Low employee engagement levels,"Leadership, Employee motivation techniques"
Inefficient supply chain management,"Supply chain management, Logistics planning"
Declining market share,"Market analysis, Strategic planning"
High operational costs,"Cost reduction techniques, Process optimization"
Difficulty in managing remote teams,"Project management, Communication tools"
Cybersecurity threats,"Cybersecurity, Risk management"
Compliance with new regulations,"Regulatory compliance, Legal expertise"
Poor customer service,"Customer service, Communication skills"
Ineffective marketing strategies,"Marketing, Creativity"
Challenges in data analysis,"Data science, Statistical analysis"
Product innovation stagnation,"Product development, Creativity"
Managing cross-functional teams,"Leadership, Team management"
Scaling business operations,"Business strategy, Operational efficiency"
Sustainability and environmental impact,"Environmental science, Sustainability strategies"
Managing IT infrastructure,"IT management, Cloud computing"
Lack of customer insights,"Market research, Customer behavior analysis"
Employee skill gaps,"Training and development, Technical skills"
Market entry strategies,"Market analysis, Strategic planning"
Competitive analysis,"Competitive intelligence, Strategic analysis"
Increase in customer churn rate,"Data analysis, Customer relationship management"
Low employee engagement levels,"Leadership, Employee motivation techniques"
Inefficient supply chain management,"Supply chain management, Logistics planning"
Declining market share,"Market analysis, Strategic planning"
High operational costs,"Cost reduction techniques, Process optimization"
Difficulty in managing remote teams,"Project management, Communication tools"
Cybersecurity threats,"Cybersecurity, Risk management"
Compliance with new regulations,"Regulatory compliance, Legal expertise"
Poor customer service,"Customer service, Communication skills"
Ineffective marketing strategies,"Marketing, Creativity"
Challenges in data analysis,"Data science, Statistical analysis"
Product innovation stagnation,"Product development, Creativity"
Managing cross-functional teams,"Leadership, Team management"
Scaling business operations,"Business strategy, Operational efficiency"
Sustainability and environmental impact,"Environmental science, Sustainability strategies"
Managing IT infrastructure,"IT management, Cloud computing"
Lack of customer insights,"Market research, Customer behavior analysis"
Employee skill gaps,"Training and development, Technical skills"
Market entry strategies,"Market analysis, Strategic planning"
Competitive analysis,"Competitive intelligence, Strategic analysis"
Increase in customer churn rate,"Data analysis, Customer relationship management"
Low employee engagement levels,"Leadership, Employee motivation techniques"
Inefficient supply chain management,"Supply chain management, Logistics planning"
Declining market share,"Market analysis, Strategic planning"
High operational costs,"Cost reduction techniques, Process optimization"
Difficulty in managing remote teams,"Project management, Communication tools"
Cybersecurity threats,"Cybersecurity, Risk management"
Compliance with new regulations,"Regulatory compliance, Legal expertise"
Poor customer service,"Customer service, Communication skills"
Ineffective marketing strategies,"Marketing, Creativity"
Challenges in data analysis,"Data science, Statistical analysis"
Product innovation stagnation,"Product development, Creativity"
Managing cross-functional teams,"Leadership, Team management"
Scaling business operations,"Business strategy, Operational efficiency"
Sustainability and environmental impact,"Environmental science, Sustainability strategies"
Managing IT infrastructure,"IT management, Cloud computing"
Lack of customer insights,"Market research, Customer behavior analysis"
Employee skill gaps,"Training and development, Technical skills"
Market entry strategies,"Market analysis, Strategic planning"
Competitive analysis,"Competitive intelligence, Strategic analysis"
Increase in customer churn rate,"Data analysis, Customer relationship management"
Low employee engagement levels,"Leadership, Employee motivation techniques"
Inefficient supply chain management,"Supply chain management, Logistics planning"
Declining market share,"Market analysis, Strategic planning"
High operational costs,"Cost reduction techniques, Process optimization"
Difficulty in managing remote teams,"Project management, Communication tools"
Cybersecurity threats,"Cybersecurity, Risk management"
Compliance with new regulations,"Regulatory compliance, Legal expertise"
Poor customer service,"Customer service, Communication skills"
Ineffective marketing strategies,"Marketing, Creativity"
Challenges in data analysis,"Data science, Statistical analysis"
Product innovation stagnation,"Product development, Creativity"
Managing cross-functional teams,"Leadership, Team management"
Scaling business operations,"Business strategy, Operational efficiency"
Sustainability and environmental impact,"Environmental science, Sustainability strategies"
Managing IT infrastructure,"IT management, Cloud computing"
Lack of customer insights,"Market research, Customer behavior analysis"
Employee skill gaps,"Training and development, Technical skills"
Market entry strategies,"Market analysis, Strategic planning"
Competitive analysis,"Competitive intelligence, Strategic analysis"
Increase in customer churn rate,"Data analysis, Customer relationship management"
Low employee engagement levels,"Leadership, Employee motivation techniques"
Inefficient supply chain management,"Supply chain management, Logistics planning"
Declining market share,"Market analysis, Strategic planning"
High operational costs,"Cost reduction techniques, Process optimization"
Difficulty in managing remote teams,"Project management, Communication tools"
Cybersecurity threats,"Cybersecurity, Risk management"
Compliance with new regulations,"Regulatory compliance, Legal expertise"
Poor customer service,"Customer service, Communication skills"
Ineffective marketing strategies,"Marketing, Creativity"
Challenges in data analysis,"Data science, Statistical analysis"
Product innovation stagnation,"Product development, Creativity"
Managing cross-functional teams,"Leadership, Team management"
Scaling business operations,"Business strategy, Operational efficiency"
Sustainability and environmental impact,"Environmental science, Sustainability strategies"
Managing IT infrastructure,"IT management, Cloud computing"
Lack of customer insights,"Market research, Customer behavior analysis"
Employee skill gaps,"Training and development, Technical skills"
Market entry strategies,"Market analysis, Strategic planning"
Competitive analysis,"Competitive intelligence, Strategic analysis"
Increase in customer churn rate,"Data analysis, Customer relationship management"
Low employee engagement levels,"Leadership, Employee motivation techniques"
Inefficient supply chain management,"Supply chain management, Logistics planning"
Declining market share,"Market analysis, Strategic planning"
High operational costs,"Cost reduction techniques, Process optimization"
Difficulty in managing remote teams,"Project management, Communication tools"
Cybersecurity threats,"Cybersecurity, Risk management"
Compliance with new regulations,"Regulatory compliance, Legal expertise"
Poor customer service,"Customer service, Communication skills"
Ineffective marketing strategies,"Marketing, Creativity"
Challenges in data analysis,"Data science, Statistical analysis"
Product innovation stagnation,"Product development, Creativity"
Managing cross-functional teams,"Leadership, Team management"
Scaling business operations,"Business strategy, Operational efficiency"
Sustainability and environmental impact,"Environmental science, Sustainability strategies"
Managing IT infrastructure,"IT management, Cloud computing"
Lack of customer insights,"Market research, Customer behavior analysis"
Employee skill gaps,"Training and development, Technical skills"
Market entry strategies,"Market analysis, Strategic planning"
Competitive analysis,"Competitive intelligence, Strategic analysis"
Increase in customer churn rate,"Data analysis, Customer relationship management"
Low employee engagement levels,"Leadership, Employee motivation techniques"
Inefficient supply chain management,"Supply chain management, Logistics planning"
Declining market share,"Market analysis, Strategic planning"
High operational costs,"Cost reduction techniques, Process optimization"
Difficulty in managing remote teams,"Project management, Communication tools"
Cybersecurity threats,"Cybersecurity, Risk management"
Compliance with new regulations,"Regulatory compliance, Legal expertise"
Poor customer service,"Customer service, Communication skills"
Ineffective marketing strategies,"Marketing, Creativity"
Challenges in data analysis,"Data science, Statistical analysis"
Product innovation stagnation,"Product development, Creativity"
Managing cross-functional teams,"Leadership, Team management"
Scaling business operations,"Business strategy, Operational efficiency"
Sustainability and environmental impact,"Environmental science, Sustainability strategies"
Managing IT infrastructure,"IT management, Cloud computing"
Lack of customer insights,"Market research, Customer behavior analysis"
Employee skill gaps,"Training and development, Technical skills"
Market entry strategies,"Market analysis, Strategic planning"
Competitive analysis,"Competitive intelligence, Strategic analysis"
Increase in customer churn rate,"Data analysis, Customer relationship management"
Low employee engagement levels,"Leadership, Employee motivation techniques"
Inefficient supply chain management,"Supply chain management, Logistics planning"
Declining market share,"Market analysis, Strategic planning"
High operational costs,"Cost reduction techniques, Process optimization"
Difficulty in managing remote teams,"Project management, Communication tools"
Cybersecurity threats,"Cybersecurity, Risk management"
Compliance with new regulations,"Regulatory compliance, Legal expertise"
Poor customer service,"Customer service, Communication skills"
Ineffective marketing strategies,"Marketing, Creativity"
Challenges in data analysis,"Data science, Statistical analysis"
Product innovation stagnation,"Product development, Creativity"
Managing cross-functional teams,"Leadership, Team management"
Scaling business operations,"Business strategy, Operational efficiency"
Sustainability and environmental impact,"Environmental science, Sustainability strategies"
Managing IT infrastructure,"IT management, Cloud computing"
Lack of customer insights,"Market research, Customer behavior analysis"
Employee skill gaps,"Training and development, Technical skills"
Market entry strategies,"Market analysis, Strategic planning"
Competitive analysis,"Competitive intelligence, Strategic analysis"
Increase in customer churn rate,"Data analysis, Customer relationship management"
Low employee engagement levels,"Leadership, Employee motivation techniques"
Inefficient supply chain management,"Supply chain management, Logistics planning"
Declining market share,"Market analysis, Strategic planning"
High operational costs,"Cost reduction techniques, Process optimization"
Difficulty in managing remote teams,"Project management, Communication tools"
Cybersecurity threats,"Cybersecurity, Risk management"
Compliance with new regulations,"Regulatory compliance, Legal expertise"
Poor customer service,"Customer service, Communication skills"
Ineffective marketing strategies,"Marketing, Creativity"
Challenges in data analysis,"Data science, Statistical analysis"
Product innovation stagnation,"Product development, Creativity"
Managing cross-functional teams,"Leadership, Team management"
Scaling business operations,"Business strategy, Operational efficiency"
Sustainability and environmental impact,"Environmental science, Sustainability strategies"
Managing IT infrastructure,"IT management, Cloud computing"
Lack of customer insights,"Market research, Customer behavior analysis"
Employee skill gaps,"Training and development, Technical skills"
Market entry strategies,"Market analysis, Strategic planning"
Competitive analysis,"Competitive intelligence, Strategic analysis"
Increase in customer churn rate,"Data analysis, Customer relationship management"
Low employee engagement levels,"Leadership, Employee motivation techniques"
Inefficient supply chain management,"Supply chain management, Logistics planning"
Declining market share,"Market analysis, Strategic planning"
High operational costs,"Cost reduction techniques, Process optimization"
Difficulty in managing remote teams,"Project management, Communication tools"
Cybersecurity threats,"Cybersecurity, Risk management"
Compliance with new regulations,"Regulatory compliance, Legal expertise"
Poor customer service,"Customer service, Communication skills"
Ineffective marketing strategies,"Marketing, Creativity"
Challenges in data analysis,"Data science, Statistical analysis"
Product innovation stagnation,"Product development, Creativity"
Managing cross-functional teams,"Leadership, Team management"
Scaling business operations,"Business strategy, Operational efficiency"
Sustainability and environmental impact,"Environmental science, Sustainability strategies"
Managing IT infrastructure,"IT management, Cloud computing"
Lack of customer insights,"Market research, Customer behavior analysis"
Employee skill gaps,"Training and development, Technical skills"
Market entry strategies,"Market analysis, Strategic planning"
Competitive analysis,"Competitive intelligence, Strategic analysis"
Increase in customer churn rate,"Data analysis, Customer relationship management"
Low employee engagement levels,"Leadership, Employee motivation techniques"
Inefficient supply chain management,"Supply chain management, Logistics planning"
Declining market share,"Market analysis, Strategic planning"
High operational costs,"Cost reduction techniques, Process optimization"
Difficulty in managing remote teams,"Project management, Communication tools"
Cybersecurity threats,"Cybersecurity, Risk management"
Compliance with new regulations,"Regulatory compliance, Legal expertise"
Poor customer service,"Customer service, Communication skills"
Ineffective marketing strategies,"Marketing, Creativity"
Challenges in data analysis,"Data science, Statistical analysis"
Product innovation stagnation,"Product development, Creativity"
Managing cross-functional teams,"Leadership, Team management"
Scaling business operations,"Business strategy, Operational efficiency"
Sustainability and environmental impact,"Environmental science, Sustainability strategies"
Managing IT infrastructure,"IT management, Cloud computing"
Lack of customer insights,"Market research, Customer behavior analysis"
Employee skill gaps,"Training and development, Technical skills"
Market entry strategies,"Market analysis, Strategic planning"
Competitive analysis,"Competitive intelligence, Strategic analysis"
Increase in customer churn rate,"Data analysis, Customer relationship management"
Low employee engagement levels,"Leadership, Employee motivation techniques"
Inefficient supply chain management,"Supply chain management, Logistics planning"
Declining market share,"Market analysis, Strategic planning"
High operational costs,"Cost reduction techniques, Process optimization"
Difficulty in managing remote teams,"Project management, Communication tools"
Cybersecurity threats,"Cybersecurity, Risk management"
Compliance with new regulations,"Regulatory compliance, Legal expertise"
Poor customer service,"Customer service, Communication skills"
Ineffective marketing strategies,"Marketing, Creativity"
Challenges in data analysis,"Data science, Statistical analysis"
Product innovation stagnation,"Product development, Creativity"
Managing cross-functional teams,"Leadership, Team management"
Scaling business operations,"Business strategy, Operational efficiency"
Sustainability and environmental impact,"Environmental science, Sustainability strategies"
Managing IT infrastructure,"IT management, Cloud computing"
Lack of customer insights,"Market research, Customer behavior analysis"
Employee skill gaps,"Training and development, Technical skills"
Market entry strategies,"Market analysis, Strategic planning"
Competitive analysis,"Competitive intelligence, Strategic analysis"
Increase in customer churn rate,"Data analysis, Customer relationship management"
Low employee engagement levels,"Leadership, Employee motivation techniques"
Inefficient supply chain management,"Supply chain management, Logistics planning"
Declining market share,"Market analysis, Strategic planning"
High operational costs,"Cost reduction techniques, Process optimization"
Difficulty in managing remote teams,"Project management, Communication tools"
Cybersecurity threats,"Cybersecurity, Risk management"
Compliance with new regulations,"Regulatory compliance, Legal expertise"
Poor customer service,"Customer service, Communication skills"
Ineffective marketing strategies,"Marketing, Creativity"
Challenges in data analysis,"Data science, Statistical analysis"
Product innovation stagnation,"Product development, Creativity"
Managing cross-functional teams,"Leadership, Team management"
Scaling business operations,"Business strategy, Operational efficiency"
Sustainability and environmental impact,"Environmental science, Sustainability strategies"
Managing IT infrastructure,"IT management, Cloud computing"
Lack of customer insights,"Market research, Customer behavior analysis"
Employee skill gaps,"Training and development, Technical skills"
Market entry strategies,"Market analysis, Strategic planning"
Competitive analysis,"Competitive intelligence, Strategic analysis"
Increase in customer churn rate,"Data analysis, Customer relationship management"
Low employee engagement levels,"Leadership, Employee motivation techniques"
Inefficient supply chain management,"Supply chain management, Logistics planning"
Declining market share,"Market analysis, Strategic planning"
High operational costs,"Cost reduction techniques, Process optimization"
Difficulty in managing remote teams,"Project management, Communication tools"
Cybersecurity threats,"Cybersecurity, Risk management"
Compliance with new regulations,"Regulatory compliance, Legal expertise"
Poor customer service,"Customer service, Communication skills"
Ineffective marketing strategies,"Marketing, Creativity"
Challenges in data analysis,"Data science, Statistical analysis"
Product innovation stagnation,"Product development, Creativity"
Managing cross-functional teams,"Leadership, Team management"
Scaling business operations,"Business strategy, Operational efficiency"
Sustainability and environmental impact,"Environmental science, Sustainability strategies"
Managing IT infrastructure,"IT management, Cloud computing"
Lack of customer insights,"Market research, Customer behavior analysis"
Employee skill gaps,"Training and development, Technical skills"
Market entry strategies,"Market analysis, Strategic planning"
Competitive analysis,"Competitive intelligence, Strategic analysis"
Increase in customer churn rate,"Data analysis, Customer relationship management"
Low employee engagement levels,"Leadership, Employee motivation techniques"
Inefficient supply chain management,"Supply chain management, Logistics planning"
Declining market share,"Market analysis, Strategic planning"
High operational costs,"Cost reduction techniques, Process optimization"
Difficulty in managing remote teams,"Project management, Communication tools"
Cybersecurity threats,"Cybersecurity, Risk management"
Compliance with new regulations,"Regulatory compliance, Legal expertise"
Poor customer service,"Customer service, Communication skills"
Ineffective marketing strategies,"Marketing, Creativity"
Challenges in data analysis,"Data science, Statistical analysis"
Product innovation stagnation,"Product development, Creativity"
Managing cross-functional teams,"Leadership, Team management"
Scaling business operations,"Business strategy, Operational efficiency"
Sustainability and environmental impact,"Environmental science, Sustainability strategies"
Managing IT infrastructure,"IT management, Cloud computing"
Lack of customer insights,"Market research, Customer behavior analysis"
Employee skill gaps,"Training and development, Technical skills"
Market entry strategies,"Market analysis, Strategic planning"
Competitive analysis,"Competitive intelligence, Strategic analysis"
Increase in customer churn rate,"Data analysis, Customer relationship management"
Low employee engagement levels,"Leadership, Employee motivation techniques"
Inefficient supply chain management,"Supply chain management, Logistics planning"
Declining market share,"Market analysis, Strategic planning"
High operational costs,"Cost reduction techniques, Process optimization"
Difficulty in managing remote teams,"Project management, Communication tools"
Cybersecurity threats,"Cybersecurity, Risk management"
Compliance with new regulations,"Regulatory compliance, Legal expertise"
Poor customer service,"Customer service, Communication skills"
Ineffective marketing strategies,"Marketing, Creativity"
Challenges in data analysis,"Data science, Statistical analysis"
Product innovation stagnation,"Product development, Creativity"
Managing cross-functional teams,"Leadership, Team management"
Scaling business operations,"Business strategy, Operational efficiency"
Sustainability and environmental impact,"Environmental science, Sustainability strategies"
Managing IT infrastructure,"IT management, Cloud computing"
Lack of customer insights,"Market research, Customer behavior analysis"
Employee skill gaps,"Training and development, Technical skills"
Market entry strategies,"Market analysis, Strategic planning"
Competitive analysis,"Competitive intelligence, Strategic analysis"
Increase in customer churn rate,"Data analysis, Customer relationship management"
Low employee engagement levels,"Leadership, Employee motivation techniques"
Inefficient supply chain management,"Supply chain management, Logistics planning"
Declining market share,"Market analysis, Strategic planning"
High operational costs,"Cost reduction techniques, Process optimization"
Difficulty in managing remote teams,"Project management, Communication tools"
Cybersecurity threats,"Cybersecurity, Risk management"
Compliance with new regulations,"Regulatory compliance, Legal expertise"
Poor customer service,"Customer service, Communication skills"
Ineffective marketing strategies,"Marketing, Creativity"
Challenges in data analysis,"Data science, Statistical analysis"
Product innovation stagnation,"Product development, Creativity"
Managing cross-functional teams,"Leadership, Team management"
Scaling business operations,"Business strategy, Operational efficiency"
Sustainability and environmental impact,"Environmental science, Sustainability strategies"
Managing IT infrastructure,"IT management, Cloud computing"
Lack of customer insights,"Market research, Customer behavior analysis"
Employee skill gaps,"Training and development, Technical skills"
Market entry strategies,"Market analysis, Strategic planning"
Competitive analysis,"Competitive intelligence, Strategic analysis"
Increase in customer churn rate,"Data analysis, Customer relationship management"
Low employee engagement levels,"Leadership, Employee motivation techniques"
Inefficient supply chain management,"Supply chain management, Logistics planning"
Declining market share,"Market analysis, Strategic planning"
High operational costs,"Cost reduction techniques, Process optimization"
Difficulty in managing remote teams,"Project management, Communication tools"
Cybersecurity threats,"Cybersecurity, Risk management"
Compliance with new regulations,"Regulatory compliance, Legal expertise"
Poor customer service,"Customer service, Communication skills"
Ineffective marketing strategies,"Marketing, Creativity"
Challenges in data analysis,"Data science, Statistical analysis"
Product innovation stagnation,"Product development, Creativity"
Managing cross-functional teams,"Leadership, Team management"
Scaling business operations,"Business strategy, Operational efficiency"
Sustainability and environmental impact,"Environmental science, Sustainability strategies"
Managing IT infrastructure,"IT management, Cloud computing"
Lack of customer insights,"Market research, Customer behavior analysis"
Employee skill gaps,"Training and development, Technical skills"
Market entry strategies,"Market analysis, Strategic planning"
Competitive analysis,"Competitive intelligence, Strategic analysis"
Increase in customer churn rate,"Data analysis, Customer relationship management"
Low employee engagement levels,"Leadership, Employee motivation techniques"
Inefficient supply chain management,"Supply chain management, Logistics planning"
Declining market share,"Market analysis, Strategic planning"
High operational costs,"Cost reduction techniques, Process optimization"
Difficulty in managing remote teams,"Project management, Communication tools"
Cybersecurity threats,"Cybersecurity, Risk management"
Compliance with new regulations,"Regulatory compliance, Legal expertise"
Poor customer service,"Customer service, Communication skills"
Ineffective marketing strategies,"Marketing, Creativity"
Challenges in data analysis,"Data science, Statistical analysis"
Product innovation stagnation,"Product development, Creativity"
Managing cross-functional teams,"Leadership, Team management"
Scaling business operations,"Business strategy, Operational efficiency"
Sustainability and environmental impact,"Environmental science, Sustainability strategies"
Managing IT infrastructure,"IT management, Cloud computing"
Lack of customer insights,"Market research, Customer behavior analysis"
Employee skill gaps,"Training and development, Technical skills"
Market entry strategies,"Market analysis, Strategic planning"
Competitive analysis,"Competitive intelligence, Strategic analysis"
Increase in customer churn rate,"Data analysis, Customer relationship management"
Low employee engagement levels,"Leadership, Employee motivation techniques"
Inefficient supply chain management,"Supply chain management, Logistics planning"
Declining market share,"Market analysis, Strategic planning"
High operational costs,"Cost reduction techniques, Process optimization"
Difficulty in managing remote teams,"Project management, Communication tools"
Cybersecurity threats,"Cybersecurity, Risk management"
Compliance with new regulations,"Regulatory compliance, Legal expertise"
Poor customer service,"Customer service, Communication skills"
Ineffective marketing strategies,"Marketing, Creativity"
Challenges in data analysis,"Data science, Statistical analysis"
Product innovation stagnation,"Product development, Creativity"
Managing cross-functional teams,"Leadership, Team management"
Scaling business operations,"Business strategy, Operational efficiency"
Sustainability and environmental impact,"Environmental science, Sustainability strategies"
Managing IT infrastructure,"IT management, Cloud computing"
Lack of customer insights,"Market research, Customer behavior analysis"
Employee skill gaps,"Training and development, Technical skills"
Market entry strategies,"Market analysis, Strategic planning"
Competitive analysis,"Competitive intelligence, Strategic analysis"
Increase in customer churn rate,"Data analysis, Customer relationship management"
Low employee engagement levels,"Leadership, Employee motivation techniques"
Inefficient supply chain management,"Supply chain management, Logistics planning"
Declining market share,"Market analysis, Strategic planning"
High operational costs,"Cost reduction techniques, Process optimization"
Difficulty in managing remote teams,"Project management, Communication tools"
Cybersecurity threats,"Cybersecurity, Risk management"
Compliance with new regulations,"Regulatory compliance, Legal expertise"
Poor customer service,"Customer service, Communication skills"
Ineffective marketing strategies,"Marketing, Creativity"
Challenges in data analysis,"Data science, Statistical analysis"
Product innovation stagnation,"Product development, Creativity"
Managing cross-functional teams,"Leadership, Team management"
Scaling business operations,"Business strategy, Operational efficiency"
Sustainability and environmental impact,"Environmental science, Sustainability strategies"
Managing IT infrastructure,"IT management, Cloud computing"
Lack of customer insights,"Market research, Customer behavior analysis"
Employee skill gaps,"Training and development, Technical skills"
Market entry strategies,"Market analysis, Strategic planning"
Competitive analysis,"Competitive intelligence, Strategic analysis"
Increase in customer churn rate,"Data analysis, Customer relationship management"
Low employee engagement levels,"Leadership, Employee motivation techniques"
Inefficient supply chain management,"Supply chain management, Logistics planning"
Declining market share,"Market analysis, Strategic planning"
High operational costs,"Cost reduction techniques, Process optimization"
Difficulty in managing remote teams,"Project management, Communication tools"
Cybersecurity threats,"Cybersecurity, Risk management"
Compliance with new regulations,"Regulatory compliance, Legal expertise"
Poor customer service,"Customer service, Communication skills"
Ineffective marketing strategies,"Marketing, Creativity"
Challenges in data analysis,"Data science, Statistical analysis"
Product innovation stagnation,"Product development, Creativity"
Managing cross-functional teams,"Leadership, Team management"
Scaling business operations,"Business strategy, Operational efficiency"
Sustainability and environmental impact,"Environmental science, Sustainability strategies"
Managing IT infrastructure,"IT management, Cloud computing"
Lack of customer insights,"Market research, Customer behavior analysis"
Employee skill gaps,"Training and development, Technical skills"
Market entry strategies,"Market analysis, Strategic planning"
Competitive analysis,"Competitive intelligence, Strategic analysis"
